Video title,Video link,Post time,Video views,Likes,Comments,Shares,Add to Favorites
Nooit geen droogshampoo bij de hand #dryshampoo #illbethere #droogshampoo ,https://www.tiktok.com/@andrelonnl/video/7556179989704609056,2025/10/01 09:18:25,510,23,4,8,1
Vakantie flow nog in m’n hoofd maar m’n haar moet ready zijn voor back to school #backtoschool #studytok ,https://www.tiktok.com/@andrelonnl/video/7546526748431748374,2025/09/05 08:58:08,1408698,3702,52,121,177
Met spontane trips & favoriete haarmasker maak je perfect gebruik van je free will 🙂‍↕️💜 #Andrelon #freewill,https://www.tiktok.com/@andrelonnl/video/7546269758740598049,2025/09/04 16:21:03,220326,2574,7,23,49
Main character vibes hier in de Etos 🫅🏻 #pony #hairtok ,https://www.tiktok.com/@andrelonnl/video/7546196398048349473,2025/09/04 11:36:18,1601,65,9,4,4
‘het blijft vast droog’ 🫠 #weatherinthenetherlands,https://www.tiktok.com/@andrelonnl/video/7545515908303686945,2025/09/02 15:35:43,488789,2158,12,168,65
Zijn haarroutine heeft nu zelfs meer stappen dan die van mij 🤔 #girlfriendeffect ,https://www.tiktok.com/@andrelonnl/video/7544314064772648224,2025/08/30 09:52:06,1360,41,2,2,2
Hoe ga je als vrouw om met druk van de buitenwereld en onrealistische ideaalbeelden? @Emma Wagemans deelt haar kijk in Chair Chat 💜 #chairchat #andrelon #LL25 ,https://www.tiktok.com/@andrelonnl/video/7544008021769243937,2025/08/29 14:04:14,8570,179,11,1,5
"@Emma Wagemans praat over haar transitie, de uitdagingen die daarbij kwamen kijken en het vinden van geluk in liefde en zelfacceptatie. Check de nieuwste aflevering van Chair Chat 💜 #chairchat #andrelon #LL25 ",https://www.tiktok.com/@andrelonnl/video/7542911154172071200,2025/08/26 15:08:01,1799032,15672,189,329,576
Als transvrouw had @Emma Wagemans vaak het gevoel achter te lopen op leeftijdsgenoten. In Chair Chat vertelt ze er open over. 💜 #chairchat #andrelon #LL25,https://www.tiktok.com/@andrelonnl/video/7542871843179416865,2025/08/26 12:35:28,22314,632,17,9,18
Maar waarom gebruikt hij mijn Perfecte Krul shampoo voor zijn buzzcut??,https://www.tiktok.com/@andrelonnl/video/7542557073104571681,2025/08/25 16:13:58,1817390,4780,50,448,212
Stats laten zien dat 32% meer mannen nu om deze haar style vragen 🤫 #ibizafinalboss ,https://www.tiktok.com/@andrelonnl/video/7539512355344977185,2025/08/17 11:19:05,2548,73,1,9,5
Bellen blazen in de bravo 🫧 #totem #LL25 #Andrelon ,https://www.tiktok.com/@andrelonnl/video/7539159884470783264,2025/08/16 12:31:21,1384017,3608,11,94,151
"Headliner gemist, maar wel m’n haar gekriebeld 💜 #Andrélon #Lowlands",https://www.tiktok.com/@andrelonnl/video/7538760401937239328,2025/08/15 10:40:47,1123947,3392,37,304,181
Girlhood bij de Lowlands douches 💜#Andrélon #Lowlands,https://www.tiktok.com/@andrelonnl/video/7538672824819387680,2025/08/15 05:01:03,1165292,2150,8,118,70
Waarschijnlijk de memo gemist dat er in alle badhuizen Andrélon treatments liggen 🤭 #Andrélon #Lowlands ,https://www.tiktok.com/@andrelonnl/video/7538446540080237857,2025/08/14 14:22:54,2781,59,6,0,3